[
    {
        "id": 1,
        "name": "《JS 基础面试题》",
        "price": 149,
        "discount": 1
    },
    {
        "id": 2,
        "name": "《JS 高级面试题》",
        "price": 366,
        "discount": 1
    },
    {
        "id": 3,
        "name": "《React 模拟大众点评 webapp》",
        "price": 248,
        "discount": 0
    },
    {
        "id": 4,
        "name": "《zepto 设计与源码解读》",
        "price": 0,
        "discount": 0
    }
]